1	مِن	3226	PARTICLE			
2	اللَّه	2699	NOUN	PN		أله
3	ما	2565	NOUN	REL		
4	لا	1742	PARTICLE	NEG		
5	فِي	1701	PARTICLE			
6	إِنّ	1682	PARTICLE			
7	قالَ	1618	VERB		1	قول
8	الَّذِي	1468	NOUN	REL		
9	عَلَى	1445	PARTICLE			
10	كانَ	1358	VERB		1	كون
11	ذا	1058	NOUN	DEM		
12	رَبّ	975	NOUN			ربب
13	مَن	871	NOUN	REL		
14	إِلَى	742	PARTICLE			
15	إِن	703	PARTICLE	COND		
16	إِلّا	659	PARTICLE			
17	أَن	616	PARTICLE			
18	آمَنَ	537	VERB		4	أمن
19	يَوْم	475	NOUN			يوم
20	عَن	465	PARTICLE			
21	أَرْض	461	NOUN			أرض
22	إِذا	423	NOUN			
23	قَد	406	PARTICLE			
24	قَوْم	383	NOUN			قوم
25	آيَة	382	NOUN			أيي
26	عَلِمَ	382	VERB		1	علم
27	أَنّ	362	PARTICLE			
28	كُلّ	359	NOUN			كلل
29	لَم	348	PARTICLE	NEG		
30	جَعَلَ	340	VERB		1	جعل
31	ثُمّ	338	PARTICLE			
32	رَسُول	332	NOUN			رسل
33	عَذاب	322	NOUN			عذب
34	سَماء	310	NOUN			سمو
35	إِذ	309	NOUN			
36	نَفْس	295	NOUN			نفس
37	كَفَرَ	289	VERB		1	كفر
38	شَىْء	283	NOUN			شيأ
39	أَو	280	PARTICLE			
40	جاءَ	278	VERB		1	جيأ
41	عَمِلَ	276	VERB		1	عمل
42	آتَى	271	VERB		4	أتي
43	رَأَى	271	VERB		1	رأي
44	بَيْن	266	NOUN			بين
45	أَتَى	264	VERB		1	أتي
46	كِتاب	260	NOUN			كتب
47	حَقّ	247	NOUN	ADJ		حقق
48	قَبْل	242	NOUN			قبل
49	ناس	241	NOUN			أنس
50	شاءَ	236	VERB		1	شيأ
51	أَيّ	215	NOUN	INTG		أيي
52	مُؤْمِن	202	NOUN	ACT_PCPL	4	أمن
53	لَو	201	PARTICLE	COND		
54	بَعْد	199	NOUN			بعد
55	عِند	197	NOUN			عند
56	خَلَقَ	184	VERB		1	خلق
57	أَنزَلَ	183	VERB		4	نزل
58	خَيْر	178	NOUN	ADJ		خير
59	سَبِيل	176	NOUN			سبل
60	كَذَّبَ	176	VERB		2	كذب
61	دَعا	170	VERB		1	دعو
62	أَمْر	166	NOUN			أمر
63	اتَّقَى	166	VERB		8	وقي
64	لَمّا	165	NOUN	NEG		
65	مَع	164	NOUN			
66	عَلِيم	163	NOUN	ADJ		علم
67	بَعْض	157	NOUN			بعض
68	ذُو	156	NOUN	ADJ		
69	كافِر	156	NOUN	ACT_PCPL	1	كفر
70	آخِر	155	NOUN	ADJ		أخر
71	إِلٰه	147	NOUN			أله
72	جَنَّة	147	NOUN	PN		جنن
73	غَيْر	147	NOUN	ADJ		غير
74	نار	145	NOUN			نور
75	دُون	144	NOUN			دون
76	هَدَى	144	VERB		1	هدي
77	حَتَّى	142	PARTICLE			
78	أَرادَ	139	VERB		4	رود
79	أَم	137	PARTICLE			
80	اتَّبَعَ	136	VERB		8	تبع
81	مُوسَى	136	NOUN	PN		
82	قَلْب	132	NOUN			قلب
83	عَبْد	131	NOUN			عبد
84	أَرْسَلَ	130	VERB		4	رسل
85	ظالِم	129	NOUN	ACT_PCPL	1	ظلم
86	لَعَلّ	129	PARTICLE			
87	أَخَذَ	127	VERB		1	أخذ
88	أَهْل	127	NOUN			أهل
89	بَل	127	PARTICLE			
90	اتَّخَذَ	124	VERB		8	أخذ
91	عَبَدَ	122	VERB		1	عبد
92	يَد	120	NOUN			يدي
93	مُبِين	119	NOUN	ACT_PCPL	4	بين
94	رَحِيم	116	NOUN	ADJ		رحم
95	دُنْيا	115	NOUN	ADJ		دنو
96	رَحْمَة	114	NOUN			رحم
97	ظَلَمَ	110	VERB		1	ظلم
98	عَظِيم	107	NOUN	ADJ		عظم
99	سَأَلَ	106	VERB		1	سأل
100	لَن	106	PARTICLE	NEG		
101	وَجَدَ	106	VERB		1	وجد
102	أَجْر	105	NOUN			أجر
103	عِلْم	105	NOUN			علم
104	عَزِيز	101	NOUN	ADJ		عزز
105	أَخْرَجَ	99	VERB		4	خرج
106	حَكِيم	97	NOUN	ADJ		حكم
107	أَكَلَ	93	VERB		1	أكل
108	هَل	93	PARTICLE	INTG		
109	دِين	92	NOUN			دين
110	قَوْل	92	NOUN	VN	1	قول
111	غَفُور	91	NOUN	ADJ		غفر
112	لَيْسَ	89	VERB		1	ليس
113	شَيْطان	88	NOUN	PN		شطن
114	فَعَلَ	88	VERB		1	فعل
115	مَثَل	88	NOUN	ADJ		مثل
116	مَلَك	88	NOUN			ملك
117	نَظَرَ	87	VERB		1	نظر
118	مال	86	NOUN			مول
119	وَلِيّ	86	NOUN			ولي
120	هُدًى	85	NOUN			هدي
121	ذَكَرَ	84	VERB		1	ذكر
122	فَضْل	84	NOUN			فضل
123	لَيْل	84	NOUN			ليل
124	خافَ	83	VERB		1	خوف
125	صَلاة	83	NOUN			صلو
126	قَتَلَ	83	VERB		1	قتل
127	كَيْف	83	NOUN	INTG		كيف
128	أَوَّل	82	NOUN	ADJ		أول
129	أَكْثَر	80	NOUN	ADJ		كثر
130	بُنَىّ	80	NOUN			بني
131	رَجَعَ	79	VERB		1	رجع
132	أَصْحاب	78	NOUN			صحب
133	تَوَلَّى	78	VERB		5	ولي
134	سَمِعَ	78	VERB		1	سمع
135	أَمَرَ	77	VERB		1	أمر
136	جَهَنَّم	77	NOUN	PN		
137	حَياة	76	NOUN			حيي
138	دَخَلَ	76	VERB		1	دخل
139	ذِكْر	76	NOUN	VN	1	ذكر
140	زَوْج	76	NOUN			زوج
141	أَخ	75	NOUN			أخو
142	لَوْلا	75	PARTICLE	COND		
143	مِثْل	75	NOUN			مثل
144	نَبِيّ	75	NOUN			نبأ
145	أَحَد	74	NOUN			أحد
146	خالِد	74	NOUN	ACT_PCPL	1	خلد
147	صالِح	74	NOUN	ACT_PCPL	1	صلح
148	فِرْعَوْن	74	NOUN	PN		
149	جَزَى	73	VERB		1	جزي
150	عالَم	73	NOUN			علم
151	أَطاعَ	72	VERB		4	طوع
152	أَلِيم	72	NOUN	ADJ		ألم
153	أَوْحَى	72	VERB		4	وحي
154	وَجْه	72	NOUN			وجه
155	أَشْرَكَ	71	VERB		4	شرك
156	أَلْقَى	71	VERB		4	لقي
157	إِنسان	71	NOUN			أنس
158	بَيِّنَة	71	NOUN	ADJ		بين
159	عَمَل	71	NOUN			عمل
160	آخَر	70	NOUN	ADJ		أخر
161	قُرْءان	70	NOUN	PN		قرأ
162	قَلِيل	70	NOUN	ADJ		قلل
163	قِيامَة	70	NOUN			قوم
164	وَعَدَ	70	VERB		1	وعد
165	إِبْراهِيم	69	NOUN	PN		
166	أَنفَقَ	68	VERB		4	نفق
167	بَيْت	65	NOUN			بيت
168	غَفَرَ	65	VERB		1	غفر
169	لٰكِن	65	PARTICLE			
170	لٰكِنّ	65	PARTICLE			
171	يَمِين	65	NOUN			يمن
172	آباء	64	NOUN			أبو
173	أَحْبَبْ	64	VERB		4	حبب
174	أَصابَ	64	VERB		4	صوب
175	أَضَلَّ	64	VERB		4	ضلل
176	أُمَّة	64	NOUN			أمم
177	ابْن	63	NOUN			بني
178	تابَ	63	VERB		1	توب
179	كَثِير	63	NOUN	ADJ		كثر
180	ماء	63	NOUN			موه
181	صالِحَة	62	NOUN	ACT_PCPL	1	صلح
182	كَسَبَ	62	VERB		1	كسب
183	نَزَّلَ	62	VERB		2	نزل
184	تَلَى	61	VERB		1	تلو
185	رَزَقَ	61	VERB		1	رزق
186	صادِق	59	NOUN	ACT_PCPL	1	صدق
187	قَضَى	59	VERB		1	قضي
188	نِساء	59	NOUN			نسو
189	نَصَرَ	59	VERB		1	نصر
190	سَيِّئَة	58	NOUN	ADJ		سوأ
191	صَبَرَ	58	VERB		1	صبر
192	نَذِير	58	NOUN			نذر
193	جَرَيْ	57	VERB		1	جري
194	رَحْمٰن	57	NOUN	ADJ		رحم
195	عَيْن	57	NOUN			عين
196	قَرْيَة	57	NOUN			قري
197	نَهار	57	NOUN			نهر
198	شَدِيد	56	NOUN	ADJ		شدد
199	شَهِيد	56	NOUN	ADJ		شهد
200	مَسَّ	56	VERB		1	مسس
201	وَلَد	56	NOUN			ولد
202	أَمّا	55	PARTICLE			
203	رِزْق	55	NOUN			رزق
204	ضَرَبَ	55	VERB		1	ضرب
205	أَقامَ	54	VERB		4	قوم
206	قاتَلَ	54	VERB		3	قتل
207	نَهَر	54	NOUN			نهر
208	جَمِيع	53	NOUN			جمع
209	خَرَجَ	53	VERB		1	خرج
210	ضَلَّ	53	VERB		1	ضلل
211	أَجَل	52	NOUN			أجل
212	بَعَثَ	52	VERB		1	بعث
213	خَلْق	52	NOUN			خلق
214	مُجْرِم	52	NOUN	ACT_PCPL	4	جرم
215	أَحْيا	51	VERB		4	حيي
216	أَهْلَكَ	51	VERB		4	هلك
217	بَصِير	51	NOUN	ADJ		بصر
218	تَحْت	51	NOUN			تحت
219	تَذَكَّرَ	51	VERB		5	ذكر
220	افْتَرَى	50	VERB		8	فري
221	سُوء	50	NOUN			سوأ
222	عَدُوّ	50	NOUN	ADJ		عدو
223	مَوْت	50	NOUN			موت
224	نِعْمَة	50	NOUN			نعم
225	أَعْلَم	49	NOUN	ADJ		علم
226	زادَ	49	VERB		1	زيد
227	عَقَلُ	49	VERB		1	عقل
228	غَيْب	49	NOUN			غيب
229	كَتَبَ	49	VERB		1	كتب
230	مُتَّقي	49	NOUN	ACT_PCPL	8	وقي
231	وَعْد	49	NOUN			وعد
232	بَصَر	48	NOUN			بصر
233	دار	48	NOUN			دور
234	ساعَة	48	NOUN			سوع
235	مُلْك	48	NOUN			ملك
236	سَمِيع	47	NOUN	ADJ		سمع
237	ظَنَّ	47	VERB		1	ظنن
238	أَب	46	NOUN			أبو
239	شَكَرَ	46	VERB		1	شكر
240	نَبَّأَ	46	VERB		2	نبأ
241	إِيمان	45	NOUN	VN	4	أمن
242	حَكَمَ	45	VERB		1	حكم
243	خَبِير	45	NOUN	ADJ		خبر
244	صِراط	45	NOUN			صرط
245	قَدِير	45	NOUN	ADJ		قدر
246	يَذَرَ	45	VERB		1	وذر
247	أَنذَرَ	44	VERB		4	نذر
248	حَسِبَ	44	VERB		1	حسب
249	شَهِدَ	44	VERB		1	شهد
250	صَدْر	44	NOUN			صدر
251	مُشْرِك	44	NOUN	ACT_PCPL	4	شرك
252	مَلَكَتْ	44	VERB		1	ملك
253	نادَى	44	VERB		3	ندي
254	إِسْرائِيل	43	NOUN	PN		
255	حَمْد	43	NOUN			حمد
256	نُوح	43	NOUN	PN		
257	نُور	43	NOUN			نور
258	أُدْخِلَ	42	VERB		4	دخل
259	اسْتَطاعَ	42	VERB		10	طوع
260	جَزاء	42	NOUN			جزي
261	سَبَّحَ	42	VERB		2	سبح
262	سَلام	42	NOUN	ADJ		سلم
263	سَوْف	42	PARTICLE			
264	كَلِمَة	42	NOUN			كلم
265	بَحْر	41	NOUN			بحر
266	حَمَلَ	41	VERB		1	حمل
267	سُبْحان	41	NOUN			سبح
268	عَذَّبَ	41	VERB		2	عذب
269	عَلَّمَ	41	VERB		2	علم
270	فَوْق	41	NOUN			فوق
271	أَرَيْ	40	VERB		4	رأي
272	اسْتَغْفَرَ	40	VERB		10	غفر
273	اسْتَكْبَرَ	40	VERB		10	كبر
274	اهْتَدَى	40	VERB		8	هدي
275	بِئْسَ	40	VERB		1	بأس
276	بَلَغَ	40	VERB		1	بلغ
277	تَرَكَ	40	VERB		1	ترك
278	تَوَكَّلْ	40	VERB		5	وكل
279	خَشِيَ	40	VERB		1	خشي
280	شَرِيك	40	NOUN			شرك
281	كَبِير	40	NOUN	ADJ		كبر
282	وَيْل	40	NOUN			
283	أَلا	39	PARTICLE			
284	إِذْن	39	NOUN			أذن
285	اسْم	39	NOUN			سمو
286	جَبَل	39	NOUN			جبل
287	حَرَّمَ	39	VERB		2	حرم
288	حِساب	39	NOUN	VN	3	حسب
289	ماتَ	39	VERB		1	موت
290	مُسْلِم	39	NOUN	ACT_PCPL	4	سلم
291	بُشِّرَ	38	VERB		2	بشر
292	رَضِيَ	38	VERB		1	رضو
293	ضَلال	38	NOUN			ضلل
294	مُحْسِن	38	NOUN	ACT_PCPL	4	حسن
295	مَعْرُوف	38	NOUN	PASS_PCPL	1	عرف
296	مَيِّت	38	NOUN	ADJ		موت
297	بَشَر	37	NOUN			بشر
298	حَشَرَ	37	VERB		1	حشر
299	ذَنب	37	NOUN			ذنب
300	سُلْطان	37	NOUN			سلط
301	صَدَّ	37	VERB		1	صدد
302	عَصا	37	VERB		1	عصو
303	فاسِق	37	NOUN	ACT_PCPL	1	فسق
304	كُفْر	37	NOUN			كفر
305	مُسْتَقِيم	37	NOUN	ACT_PCPL	10	قوم
306	نَجَّى	37	VERB		2	نجو
307	نَعَم	37	NOUN			نعم
308	يَحْزُن	37	VERB		1	حزن
309	أَحْسَن	36	NOUN	ADJ		حسن
310	ذاقُ	36	VERB		1	ذوق
311	رَدَّ	36	VERB		1	ردد
312	أُمّ	35	NOUN			أمم
313	إِثْم	35	NOUN			أثم
314	اخْتَلَفَ	35	VERB		8	خلف
315	اسْتَوَى	35	VERB		8	سوي
316	بَيَّنُ	35	VERB		2	بين
317	حِين	35	NOUN			حين
318	ذَهَبَ	35	VERB		1	ذهب
319	سَجَدَ	35	VERB		1	سجد
320	مَتاع	35	NOUN			متع
321	مُرْسَل	35	NOUN	PASS_PCPL	4	رسل
322	نَسِيَ	35	VERB		1	نسي
323	نَصِير	35	NOUN	ADJ		نصر
324	آلاء	34	NOUN			ألو
325	ابْتَغَى	34	VERB		8	بغي
326	فِتْنَة	34	NOUN			فتن
327	مَرْيَم	34	NOUN	PN		
328	حَرام	33	NOUN	ADJ		حرم
329	شَمْس	33	NOUN			شمس
330	فَرِيق	33	NOUN			فرق
331	قامَ	33	VERB		1	قوم
332	كَذِب	33	NOUN			كذب
333	كَلّا	33	PARTICLE			
334	أَعْرَضَ	32	VERB		4	عرض
335	خاسِر	32	NOUN	ACT_PCPL	1	خسر
336	ذُرِّيَّة	32	NOUN			ذرر
337	زَكاة	32	NOUN			زكو
338	عاقِبَة	32	NOUN			عقب
339	كاذِب	32	NOUN	ACT_PCPL	1	كذب
340	كَفَى	32	VERB		1	كفي
341	نَهَى	32	VERB		1	نهي
342	أَشَدّ	31	NOUN	ADJ		شدد
343	إِذًا	31	PARTICLE			
344	حَسَنَة	31	NOUN	ADJ		حسن
345	حَيْث	31	NOUN	COND		حيث
346	كَأَنّ	31	PARTICLE			
347	نَفَعَ	31	VERB		1	نفع
348	واحِدَة	31	NOUN	ADJ		وحد
349	حُكْم	30	NOUN			حكم
350	ساءَ	30	VERB		1	سوأ
351	شَرّ	30	NOUN			شرر
352	طَيِّبَة	30	NOUN	ADJ		طيب
353	عاد	30	NOUN	PN	1	عدو
354	عَسَى	30	VERB		1	عسي
355	قُوَّة	30	NOUN			قوي
356	كَرِيم	30	NOUN	ADJ		كرم
357	لَبِثَ	30	VERB		1	لبث
358	مَلَأ	30	NOUN			ملأ
359	واحِد	30	NOUN	ADJ		وحد
360	وَلَّى	30	VERB		2	ولي
361	أَبْصَرَ	29	VERB		4	بصر
362	جُند	29	NOUN			جند
363	رَجُل	29	NOUN			رجل
364	رِيح	29	NOUN			روح
365	عَرْش	29	NOUN			عرش
366	عَهْد	29	NOUN			عهد
367	نَبَأ	29	NOUN			نبأ
368	أَبَدًا	28	NOUN			أبد
369	أَصْبَحَ	28	VERB		4	صبح
370	أَصْلَحَ	28	VERB		4	صلح
371	أَغْنَتْ	28	VERB		4	غني
372	أَنَّى	28	NOUN	INTG		
373	اسْتَجابَ	28	VERB		10	جوب
374	حَدِيث	28	NOUN			حدث
375	رِجال	28	NOUN			رجل
376	رَحِمَ	28	VERB		1	رحم
377	سِحْر	28	NOUN			سحر
378	مُؤْمِنَة	28	NOUN	ACT_PCPL	4	أمن
379	مَسْجِد	28	NOUN			سجد
380	مَصِير	28	NOUN			صير
381	مَغْفِرَة	28	NOUN			غفر
382	أَفْلَحَ	27	VERB		4	فلح
383	باب	27	NOUN			بوب
384	جاهَدَ	27	VERB		3	جهد
385	سَواء	27	NOUN	ADJ		سوي
386	عَفا	27	VERB		1	عفو
387	غافِل	27	NOUN	ACT_PCPL	1	غفل
388	قَدَّمَ	27	VERB		2	قدم
389	قَمَر	27	NOUN			قمر
390	لُوط	27	NOUN	PN		
391	مَكان	27	NOUN			كون
392	مُنافِق	27	NOUN	ACT_PCPL	3	نفق
393	يُوسُف	27	NOUN	PN		
394	آل	26	NOUN			أول
395	أَجْمَع	26	NOUN			جمع
396	امْرَأَت	26	NOUN			مرأ
397	باطِل	26	NOUN	ACT_PCPL	1	بطل
398	ثَمُود	26	NOUN	PN		
399	جَحِيم	26	NOUN			جحم
400	خَوْف	26	NOUN			خوف
401	زَيَّنَ	26	VERB		2	زين
402	شَهادَة	26	NOUN			شهد
403	قَرِيب	26	NOUN	ADJ		قرب
404	كَيْد	26	NOUN			كيد
405	ماذا	26	NOUN	INTG		
406	آدَم	25	NOUN	PN		أدم
407	بَأْس	25	NOUN			بأس
408	بَعِيد	25	NOUN	ADJ		بعد
409	بَغَى	25	VERB		1	بغي
410	جادَلُ	25	VERB		3	جدل
411	جُناح	25	NOUN			جنح
412	خَلا	25	VERB		1	خلو
413	عِيسَى	25	NOUN	PN		
414	قَدَرَ	25	VERB		1	قدر
415	لِسان	25	NOUN			لسن
416	مِيثاق	25	NOUN			وثق
417	يَشْعُرُ	25	VERB		1	شعر
418	أَكْبَر	24	NOUN	ADJ		كبر
419	أُنثَى	24	NOUN			أنث
420	إِيّا	24	NOUN	PRON		
421	تَوَفَّى	24	VERB		5	وفي
422	حَيّ	24	NOUN	ADJ		حيي
423	طائِفَة	24	NOUN	ADJ		طوف
424	طَعام	24	NOUN			طعم
425	غَنِيّ	24	NOUN	ADJ		غني
426	كادَ	24	VERB		1	كود
427	لِقاء	24	NOUN	VN	3	لقي
428	وَراء	24	NOUN			وري
429	وَكِيل	24	NOUN			وكل
430	أَذِنَ	23	VERB		1	أذن
431	أَنجَى	23	VERB		4	نجو
432	إِمّا	23	PARTICLE	COND		
433	بَدَّلَ	23	VERB		2	بدل
434	ذِكْرَى	23	NOUN			ذكر
435	ساجِد	23	NOUN	ACT_PCPL	1	سجد
436	سَبْع	23	NOUN			سبع
437	ظُلُمَة	23	NOUN	ADJ		ظلم
438	فَتَنُ	23	VERB		1	فتن
439	فُلْك	23	NOUN			فلك
440	قَرْن	23	NOUN			قرن
441	لَعَنَ	23	VERB		1	لعن
442	مِسْكِين	23	NOUN	ADJ		سكن
443	يَتِيم	23	NOUN	ADJ		يتم
444	أَذاقَ	22	VERB		4	ذوق
445	أَسْلَمَ	22	VERB		4	سلم
446	بَرّ	22	NOUN	ADJ		برر
447	بَلَى	22	PARTICLE			
448	جَمَعَ	22	VERB		1	جمع
449	جِنّ	22	NOUN			جنن
450	خَلْف	22	NOUN			خلف
451	دُعاء	22	NOUN			دعو
452	رَفَعَ	22	VERB		1	رفع
453	ساحِر	22	NOUN	ACT_PCPL	1	سحر
454	سَخَّرَ	22	VERB		2	سخر
455	سَمْع	22	NOUN			سمع
456	لَدَى	22	NOUN			
457	مَأْوَى	22	NOUN			أوي
458	مَكَرَ	22	VERB		1	مكر
459	نَصْر	22	NOUN			نصر
460	وَهَبَ	22	VERB		1	وهب
461	يَرْجُوا۟	22	VERB		1	رجو
462	أَحْسَنَ	21	VERB		4	حسن
463	أَعْمَى	21	NOUN	ADJ		عمي
464	أَماتَ	21	VERB		4	موت
465	اسْتُهْزِئَ	21	VERB		10	هزأ
466	اشْتَرَى	21	VERB		8	شري
467	حَسَن	21	NOUN	ADJ		حسن
468	رُوح	21	NOUN			روح
469	شاهِد	21	NOUN	ACT_PCPL	1	شهد
470	شَهْر	21	NOUN			شهر
471	ظَنّ	21	NOUN			ظنن
472	كَتَمَ	21	VERB		1	كتم
473	كَم	21	NOUN	INTG		
474	مُسَمًّى	21	NOUN	PASS_PCPL	2	سمو
475	مَشَ	21	VERB		1	مشي
476	مُفْسِد	21	NOUN	ACT_PCPL	4	فسد
477	مُكَذِّب	21	NOUN	ACT_PCPL	2	كذب
478	نَصِيب	21	NOUN			نصب
479	وَضَعَ	21	VERB		1	وضع
480	أَحَلَّ	20	VERB		4	حلل
481	أَعَدَّ	20	VERB		4	عدد
482	أَقْسَمُ	20	VERB		4	قسم
483	أَمِنَ	20	VERB		1	أمن
484	أَنشَأَ	20	VERB		4	نشأ
485	أَوْفَى	20	VERB	ADJ	4	وفي
486	بَلَوْ	20	VERB		1	بلو
487	حِزْب	20	NOUN			حزب
488	حَقَّ	20	VERB		1	حقق
489	حِكْمَة	20	NOUN			حكم
490	حَمِيم	20	NOUN	ADJ		حمم
491	سَبَقَ	20	VERB		1	سبق
492	سَعَى	20	VERB		1	سعي
493	صابِر	20	NOUN	ACT_PCPL	1	صبر
494	ظُلْم	20	NOUN			ظلم
495	عَرَفَ	20	VERB		1	عرف
496	عِقاب	20	NOUN			عقب
497	قَصَّ	20	VERB		1	قصص
498	كَلَّمَ	20	VERB		2	كلم
499	مَرَّة	20	NOUN			مرر
500	هارُون	20	NOUN	PN		
501	أَقْرَب	19	NOUN	ADJ		قرب
502	أَيْن	19	NOUN	INTG		
503	اسْتَعْجَلَ	19	VERB		10	عجل
504	زِينَة	19	NOUN			زين
505	شَجَرَة	19	NOUN			شجر
506	ضُرّ	19	NOUN			ضرر
507	طَيْر	19	NOUN			طير
508	فَوْز	19	NOUN			فوز
509	مُصَدِّق	19	NOUN	ACT_PCPL	2	صدق
510	مُعْرِض	19	NOUN	ACT_PCPL	4	عرض
511	مَكْر	19	NOUN			مكر
512	نَفَخَ	19	VERB		1	نفخ
513	يَضُرَّ	19	VERB		1	ضرر
514	يَفْقَهُ	19	VERB		1	فقه
515	أُخْفِيَ	18	VERB		4	خفي
516	أُذُن	18	NOUN			أذن
517	أَسَرَّ	18	VERB		4	سرر
518	أُعِيدُ	18	VERB		4	عود
519	أَمْسَكَ	18	VERB		4	مسك
520	إِنس	18	NOUN			أنس
521	تَبَيَّنَ	18	VERB		5	بين
522	تَوْراة	18	NOUN	PN		
523	دابَّة	18	NOUN			دبب
524	دُبُر	18	NOUN			دبر
525	دَرَجَة	18	NOUN			درج
526	ذَكَر	18	NOUN			ذكر
527	ذُكِّرَ	18	VERB		2	ذكر
528	رَأْس	18	NOUN			رأس
529	رَيْب	18	NOUN			ريب
530	عادَ	18	VERB		1	عود
531	عالِم	18	NOUN	ACT_PCPL	1	علم
532	لَدُن	18	NOUN			لدن
533	مَتَّعْ	18	VERB		2	متع
534	مُنكَر	18	NOUN	PASS_PCPL	4	نكر
535	مَوْلَى	18	NOUN			ولي
536	نِعْمَ	18	VERB		1	نعم
537	وَفَّى	18	VERB		2	وفي
538	أَحاطَ	17	VERB		4	حوط
539	أَدْرَى	17	VERB		4	دري
540	أُغْرِقُ	17	VERB		4	غرق
541	أَنْعَمَ	17	VERB		4	نعم
542	أَهْواء	17	NOUN			هوي
543	إِسْحاق	17	NOUN	PN		
544	انقَلَبَ	17	VERB		7	قلب
545	بَطْن	17	NOUN			بطن
546	بِنْت	17	NOUN			بني
547	تَأْوِيل	17	NOUN	VN	2	أول
548	تُراب	17	NOUN			ترب
549	تَقْوَى	17	NOUN			وقي
550	ثَمَرَة	17	NOUN			ثمر
551	حُسْنَى	17	NOUN	ADJ		حسن
552	حَمِيد	17	NOUN	ADJ		حمد
553	حَوْل	17	NOUN			حول
554	سُلَيْمان	17	NOUN	PN		
555	فاحِشَة	17	NOUN			فحش
556	فَصَّلَ	17	VERB		2	فصل
557	فَضَّلَ	17	VERB		2	فضل
558	قائِم	17	NOUN	ACT_PCPL	1	قوم
559	كَرِهَ	17	VERB		1	كره
560	مُهْتَدي	17	NOUN	ACT_PCPL	8	هدي
561	نَعِيم	17	NOUN			نعم
562	وَدَّ	17	VERB		1	ودد
563	يَتَفَكَّرُ	17	VERB		5	فكر
564	آمِن	16	NOUN	ACT_PCPL	1	أمن
565	أَتَمَّ	16	VERB		4	تمم
566	أَظْلَم	16	NOUN			ظلم
567	أُفِكَ	16	VERB		1	أفك
568	أَلْباب	16	NOUN			لبب
569	أَنۢبَتَ	16	VERB		4	نبت
570	اسْتَمَعَ	16	VERB		8	سمع
571	انتَهَى	16	VERB		8	نهي
572	بَسَطَ	16	VERB		1	بسط
573	خَسِرَ	16	VERB		1	خسر
574	داوُد	16	NOUN	PN		
575	سارَ	16	VERB		1	سير
576	سَعِير	16	NOUN			سعر
577	سُنَّة	16	NOUN			سنن
578	طَيِّب	16	NOUN	ADJ		طيب
579	فُؤاد	16	NOUN			فأد
580	فَتَحَ	16	VERB		1	فتح
581	فَرِحَ	16	VERB		1	فرح
582	قَدَّرَ	16	VERB		2	قدر
583	قَرَأَ	16	VERB		1	قرأ
584	قُرْبَى	16	NOUN			قرب
585	مَرْجِع	16	NOUN			رجع
586	مَنَّ	16	VERB		1	منن
587	مِيزان	16	NOUN			وزن
588	هاجَرَ	16	VERB		3	هجر
589	وَقَى	16	VERB		1	وقي
590	يَعْقُوب	16	NOUN	PN		
591	أَتْبَعَ	15	VERB		4	تبع
592	أَخَّرَ	15	VERB		2	أخر
593	أَغْنَى	15	VERB		1	غني
594	أَفْسَدُ	15	VERB		4	فسد
595	أُوذِيَ	15	VERB		4	أذي
596	اعْتَدَى	15	VERB		8	عدو
597	بُشْرَى	15	NOUN			بشر
598	بَلاغ	15	NOUN			بلغ
599	تَنزِيل	15	NOUN	VN	2	نزل
600	حَرَج	15	NOUN	ADJ		حرج
601	حَلِيم	15	NOUN	ADJ		حلم
602	رِجْل	15	NOUN			رجل
603	سَكَنَ	15	VERB		1	سكن
604	شَرِبَ	15	VERB		1	شرب
605	شَكّ	15	NOUN			شكك
606	صَبْر	15	NOUN			صبر
607	صَدَقَ	15	VERB		1	صدق
608	صَنَعُ	15	VERB		1	صنع
609	ظَهْر	15	NOUN			ظهر
610	غَرَّ	15	VERB		1	غرر
611	غَلَبُ	15	VERB		1	غلب
612	قِسْط	15	NOUN			قسط
613	كُلَّما	15	NOUN			كلل
614	مُسْرِف	15	NOUN	ACT_PCPL	4	سرف
615	مِلَّة	15	NOUN			ملل
616	مَلِك	15	NOUN	ADJ		ملك
617	مُنذِر	15	NOUN	ACT_PCPL	4	نذر
618	نَصْرانِيّ	15	NOUN	PN		نصر
619	وَعَظْ	15	VERB		1	وعظ
620	يُبْدِيَ	15	VERB		4	بدو
621	يَسِير	15	NOUN	ADJ		يسر
622	أَثَر	14	NOUN			أثر
623	أُخْت	14	NOUN			أخو
624	أَخْلَفُ	14	VERB		4	خلف
625	أَعْتَدَتْ	14	VERB		4	عتد
626	أَلْف	14	NOUN			ألف
627	أَمِين	14	NOUN	ADJ		أمن
628	ابْتِغاء	14	NOUN	VN	8	بغي
629	بَلَد	14	NOUN			بلد
630	تَعالَى	14	VERB		6	علو
631	حُدُود	14	NOUN			حدد
632	حَلَلْ	14	VERB		1	حلل
633	خاشِع	14	NOUN	ACT_PCPL	1	خشع
634	شاكِر	14	NOUN	ACT_PCPL	1	شكر
635	صِدْق	14	NOUN			صدق
636	صَرَفَ	14	VERB		1	صرف
637	ضالّ	14	NOUN	ACT_PCPL	1	ضلل
638	ظِلّ	14	NOUN			ظلل
639	عَدَلَ	14	VERB		1	عدل
640	عَدْل	14	NOUN			عدل
641	غَضَب	14	NOUN			غضب
642	قادِر	14	NOUN	ACT_PCPL	1	قدر
643	كَشَفَ	14	VERB		1	كشف
644	كَفَّرَ	14	VERB		2	كفر
645	لَعْنَة	14	NOUN			لعن
646	لَقُ	14	VERB		1	لقي
647	لَيْت	14	PARTICLE			
648	مَدِينَة	14	NOUN	PN		مدن
649	مَقام	14	NOUN			قوم
650	مُهِين	14	NOUN	ACT_PCPL	4	هون
651	نَكَحَ	14	VERB		1	نكح
652	والِد	14	NOUN			ولد
653	أَبَى	13	VERB		1	أبي
654	أَسْمَعَ	13	VERB		4	سمع
655	أَطْعَمَ	13	VERB		4	طعم
656	اثْنَيْن	13	NOUN			ثني
657	بَغْتَة	13	NOUN			بغت
658	تَرَبَّصْ	13	VERB		5	ربص
659	ثَلاثَة	13	NOUN			ثلث
660	ثَواب	13	NOUN			ثوب
661	جَمْع	13	NOUN			جمع
662	حافِظ	13	NOUN	ACT_PCPL	1	حفظ
663	حَرْث	13	NOUN			حرث
664	حُسْن	13	NOUN			حسن
665	رِضْوان	13	NOUN			رضو
666	زَعَمَ	13	VERB		1	زعم
667	سَوَّى	13	VERB		2	سوي
668	شَفاعَة	13	NOUN			شفع
669	صَدَقَة	13	NOUN			صدق
670	صَيْحَة	13	NOUN			صيح
671	عِظام	13	NOUN			عظم
672	غالِب	13	NOUN	ACT_PCPL	1	غلب
673	غَشِيَ	13	VERB		1	غشو
674	غُلام	13	NOUN			غلم
675	قِتال	13	NOUN			قتل
676	مَثْوًى	13	NOUN			ثوي
677	مَدَّ	13	VERB		1	مدد
678	مَرَض	13	NOUN			مرض
679	مُفْلِح	13	NOUN	ACT_PCPL	4	فلح
680	مَكَّ	13	VERB		2	مكن
681	نَجْم	13	NOUN			نجم
682	وَرِثَ	13	VERB		1	ورث
683	يَصِفُ	13	VERB		1	وصف
684	يَصْلَى	13	VERB		1	صلي
685	أَخْزَيْ	12	VERB		4	خزي
686	أَدْنَى	12	NOUN	ADJ		دنو
687	أَرْحام	12	NOUN			رحم
688	أَصَمّ	12	NOUN			صمم
689	أَعْلَن	12	VERB		4	علن
690	أَفْواه	12	NOUN			فوه
691	أَوْرَثَ	12	VERB		4	ورث
692	إِحْسان	12	NOUN	VN	4	حسن
693	إِسْماعِيل	12	NOUN	PN		
694	إِمام	12	NOUN			أمم
695	إِنجِيل	12	NOUN	PN		
696	اسْتَأْذَنَ	12	VERB		10	أذن
697	اصْطَفَى	12	VERB		8	صفو
698	بَدَأَ	12	VERB		1	بدأ
699	بَرِيء	12	NOUN	ADJ		برأ
700	تَدْرِي	12	VERB		1	دري
701	تَوّاب	12	NOUN	ACT_PCPL	1	توب
702	جَحَدُ	12	VERB		1	جحد
703	حاجَّ	12	VERB		3	حجج
704	حَبِطَ	12	VERB		1	حبط
705	حَفِيظ	12	NOUN	ACT_PCPL	1	حفظ
706	حَلَفْ	12	VERB		1	حلف
707	حَنِيف	12	NOUN			حنف
708	خالِق	12	NOUN	ACT_PCPL	1	خلق
709	خَرَّ	12	VERB		1	خرر
710	زَكَّى	12	VERB		2	زكو
711	سَقَى	12	VERB		1	سقي
712	سَلَكَ	12	VERB		1	سلك
713	سِنِين	12	NOUN			سنو
714	صاحِب	12	NOUN			صحب
715	صَلَّى	12	VERB		2	صلو
716	طَغَى	12	VERB		1	طغي
717	طِين	12	NOUN			طين
718	عامِل	12	NOUN	ACT_PCPL	1	عمل
719	فَتْح	12	NOUN			فتح
720	فَقِير	12	NOUN	ADJ		فقر
721	قَطَّعَ	12	VERB		2	قطع
722	قُطِعَ	12	VERB		1	قطع
723	قَعَدَ	12	VERB		1	قعد
724	كَفُور	12	NOUN	ADJ		كفر
725	لَحْم	12	NOUN			لحم
726	مَسْكَن	12	NOUN			سكن
727	مُعْجِز	12	NOUN	ACT_PCPL	4	عجز
728	مَنَعَ	12	VERB		1	منع
729	مَوْعِد	12	NOUN			وعد
730	نُطْفَة	12	NOUN			نطف
731	وِزْر	12	NOUN			وزر
732	وَقَعَ	12	VERB		1	وقع
733	يَحْذَرُ	12	VERB		1	حذر
734	يُنظَرُ	12	VERB		4	نظر
735	يُوقِنُ	12	VERB		4	يقن
736	أَحْصَى	11	VERB		4	حصي
737	أَذْهَبَ	11	VERB		4	ذهب
738	أَعْجَبَ	11	VERB		4	عجب
739	أَنابَ	11	VERB		4	نوب
740	أَوْلَى	11	NOUN	ADJ		ولي
741	إِبْلِيس	11	NOUN	PN		
742	إِحْدَى	11	NOUN			أحد
743	بَدا	11	VERB		1	بدو
744	بَغْي	11	NOUN			بغي
745	بَنَى	11	VERB		1	بني
746	تَمَتَّعَ	11	VERB		5	متع
747	ثَمَن	11	NOUN			ثمن
748	حَسْب	11	NOUN			حسب
749	خِزْى	11	NOUN			خزي
750	رَءُوف	11	NOUN	ADJ		رأف
751	سَخِرَ	11	VERB		1	سخر
752	سِرّ	11	NOUN			سرر
753	شَراب	11	NOUN			شرب
754	شُعَيْب	11	NOUN	PN		
755	شِيعَة	11	NOUN			شيع
756	ضِعْف	11	NOUN	ADJ		ضعف
757	طَبَعَ	11	VERB		1	طبع
758	عابِد	11	NOUN	ACT_PCPL	1	عبد
759	عاهَدَ	11	VERB		3	عهد
760	عِدَّة	11	NOUN			عدد
761	عَدْن	11	NOUN	PN		
762	عَرَبِيّ	11	NOUN	ADJ		عرب
763	عَرَضَ	11	VERB		1	عرض
764	عِزَّة	11	NOUN			عزز
765	عَلِيّ	11	NOUN	ADJ		علو
766	عِنَب	11	NOUN			عنب
767	فاكِهَة	11	NOUN			فكه
768	فَساد	11	NOUN			فسد
769	قَدَر	11	NOUN			قدر
770	قَوِيّ	11	NOUN	ADJ		قوي
771	كَثِيرَة	11	NOUN	ADJ		كثر
772	كَذَبَ	11	VERB		1	كذب
773	لَبَسْ	11	VERB		1	لبس
774	مَجْنُون	11	NOUN	PASS_PCPL	1	جنن
775	مُخْلِص	11	NOUN	ACT_PCPL	4	خلص
776	مَسِيح	11	NOUN	PN		مسح
777	مَشْرِق	11	NOUN			شرق
778	مَعْلُوم	11	NOUN	PASS_PCPL	1	علم
779	ناصِر	11	NOUN	ACT_PCPL	1	نصر
780	نَجْوَى	11	NOUN			نجو
781	نَخْل	11	NOUN			نخل
782	نَفْع	11	NOUN			نفع
783	هادُ	11	VERB		1	هود
784	هُزُو	11	NOUN			هزأ
785	هَواء	11	NOUN			هوي
786	وَصَّى	11	VERB		2	وصي
787	يَسَّرَ	11	VERB		2	يسر
788	يَقْرَبُ	11	VERB		1	قرب
789	يَنالُ	11	VERB		1	نيل
790	أَحَقّ	10	NOUN	ADJ		حقق
791	أَضاعُ	10	VERB		4	ضيع
792	أَعْراب	10	NOUN			عرب
793	أَمَدَّ	10	VERB		4	مدد
794	اجْتَبَى	10	VERB		8	جبي
795	اسْتَقامُ	10	VERB		10	قوم
796	بَخِلَ	10	VERB		1	بخل
797	تَقَبَّلَ	10	VERB		5	قبل
798	ثَبَّتْ	10	VERB		2	ثبت
799	جاهِل	10	NOUN	ACT_PCPL	1	جهل
800	جَبّار	10	NOUN	ADJ		جبر
801	جِنَّة	10	NOUN			جنن
802	حاقَ	10	VERB		1	حيق
803	حِجارَة	10	NOUN			حجر
804	خَطِيئَة	10	NOUN			خطأ
805	خَيْرَة	10	NOUN			خير
806	دَم	10	NOUN			دمو
807	رِجْس	10	NOUN			رجس
808	رِسالَة	10	NOUN			رسل
809	رَواسِي	10	NOUN	ACT_PCPL	1	رسو
810	زَرْع	10	NOUN			زرع
811	سَرِيع	10	NOUN	ADJ		سرع
812	سَعْي	10	NOUN			سعي
813	سُورَة	10	NOUN			سور
814	شَفِيع	10	NOUN	ADJ		شفع
815	شَكُور	10	NOUN	ADJ		شكر
816	صَدَّقَ	10	VERB		2	صدق
817	صَرَّفْ	10	VERB		2	صرف
818	صُور	10	NOUN			صور
819	ضَرّ	10	NOUN			ضرر
820	طَلَّقَ	10	VERB		2	طلق
821	طُور	10	NOUN			طور
822	ظَهَرَ	10	VERB		1	ظهر
823	عِجْل	10	NOUN			عجل
824	عُذْ	10	VERB		1	عوذ
825	عَشِيّ	10	NOUN			عشو
826	فِئَة	10	NOUN			فأي
827	فَسَقَ	10	VERB		1	فسق
828	فَطَرَ	10	VERB		1	فطر
829	قَتْل	10	NOUN	VN	1	قتل
830	كَي	10	PARTICLE	NEG		
831	كَيْل	10	NOUN			كيل
832	لِباس	10	NOUN			لبس
833	لَهْو	10	NOUN			لهو
834	مِائَة	10	NOUN			مأي
835	مُحْضَر	10	NOUN	PASS_PCPL	4	حضر
836	مُخْتَلِف	10	NOUN	ACT_PCPL	8	خلف
837	مَدْيَن	10	NOUN	PN		مدن
838	مَرَّ	10	VERB		1	مرر
839	مَرِيض	10	NOUN			مرض
840	مُسْتَقَرّ	10	NOUN	PASS_PCPL	10	قرر
841	مُصِيبَة	10	NOUN	ACT_PCPL	4	صوب
842	مَغْرِب	10	NOUN			غرب
843	مُقِيم	10	NOUN	ACT_PCPL	4	قوم
844	نَبَذَ	10	VERB		1	نبذ
845	نَزَعَ	10	VERB		1	نزع
846	هُود	10	NOUN	PN		هود
847	والِدَي	10	NOUN			ولد
848	يَصِلُ	10	VERB		1	وصل
849	يُولِجُ	10	VERB		4	ولج
850	آتِي	9	NOUN	ACT_PCPL	1	أتي
851	آن	9	NOUN	ACT_PCPL	1	أون
852	آوَى	9	VERB		4	أوي
853	أَذًى	9	NOUN			أذي
854	أَرْبَعَة	9	NOUN			ربع
855	أَساطِير	9	NOUN			سطر
856	أَضَلّ	9	NOUN			ضلل
857	أَعْلَى	9	NOUN	ADJ		علو
858	أَقْبَلَ	9	VERB		4	قبل
859	أَمْلَى	9	VERB		4	ملو
860	أَيَّدَ	9	VERB		2	أيد
861	إِفْك	9	NOUN			أفك
862	اجْتَنَبُ	9	VERB		8	جنب
863	ارْتابَ	9	VERB		8	ريب
864	اطْمَأَنَّ	9	VERB		4	طمأن
865	انطَلَقَ	9	VERB		7	طلق
866	بَشِير	9	NOUN	ADJ		بشر
867	تَبارَكَ	9	VERB		6	برك
868	تَبِعَ	9	VERB		1	تبع
869	تِجارَة	9	NOUN			تجر
870	تَذْكِرَة	9	NOUN	VN	2	ذكر
871	جانِب	9	NOUN	ACT_PCPL	1	جنب
872	جُلُود	9	NOUN			جلد
873	حُبّ	9	NOUN			حبب
874	حَجّ	9	NOUN			حجج
875	خاضُ	9	VERB		1	خوض
876	خَبِيث	9	NOUN			خبث
877	خَلِيفَة	9	NOUN			خلف
878	رِجْز	9	NOUN			رجز
879	رَقَبَة	9	NOUN			رقب
880	رَكِبَ	9	VERB		1	ركب
881	رَمَى	9	VERB		1	رمي
882	سَبَب	9	NOUN			سبب
883	سَحاب	9	NOUN			سحب
884	سَوْء	9	NOUN			سوأ
885	صِيام	9	NOUN			صوم
886	ضَرّاء	9	NOUN			ضرر
887	ضَلالَة	9	NOUN			ضلل
888	طُغْيان	9	NOUN	VN	1	طغي
889	طَهَّرَ	9	VERB		2	طهر
890	ظَلَّ	9	VERB		1	ظلل
891	عام	9	NOUN			عوم
892	عِبادَت	9	NOUN			عبد
893	عُنُق	9	NOUN			عنق
894	عِوَج	9	NOUN			عوج
895	غُرُور	9	NOUN			غرر
896	غِلّ	9	NOUN			غلل
897	غَلِيظ	9	NOUN	ADJ		غلظ
898	فاعِل	9	NOUN	ACT_PCPL	1	فعل
899	فَرَضَ	9	VERB		1	فرض
900	فَرَّقُ	9	VERB		2	فرق
901	فَصْل	9	NOUN	ADJ		فصل
902	قَذَفَ	9	VERB		1	قذف
903	قَرار	9	NOUN			قرر
904	كَأَنْ	9	PARTICLE			
905	لَغْو	9	NOUN			لغو
906	لَوْن	9	NOUN			لون
907	مَآب	9	NOUN			أوب
908	مُبَشِّر	9	NOUN	ACT_PCPL	2	بشر
909	مَبْعُوث	9	NOUN	PASS_PCPL	1	بعث
910	مَتَى	9	NOUN	INTG		
911	مُحِيط	9	NOUN	ACT_PCPL	4	حوط
912	مُخْلَص	9	NOUN	PASS_PCPL	4	خلص
913	مَوْعِظَة	9	NOUN			وعظ
914	نَبات	9	NOUN			نبت
915	هُنالِك	9	NOUN			
916	واسِع	9	NOUN	ACT_PCPL	1	وسع
917	وَلَدَ	9	VERB		1	ولد
918	يُؤاخِذُ	9	VERB		3	أخذ
919	يَتَساءَلُ	9	VERB		6	سأل
920	يُسارِعُ	9	VERB		3	سرع
921	يَسْتَحْىِۦ	9	VERB		10	حيي
922	يُضاعِفُ	9	VERB		3	ضعف
923	يَقْبَلُ	9	VERB		1	قبل
924	يَلْعَبْ	9	VERB		1	لعب
925	يَنطِقُ	9	VERB		1	نطق
926	يَهُود	9	NOUN	PN		هود
927	أَبْيَض	8	NOUN	ADJ		بيض
928	أُجِيبَت	8	VERB		4	جوب
929	أَسْقَيْ	8	VERB		4	سقي
930	أَشُدّ	8	NOUN			شدد
931	أَظْهَرَ	8	VERB		4	ظهر
932	أَعْطَى	8	VERB		4	عطو
933	أَغْوَيْ	8	VERB		4	غوي
934	إِسْلام	8	NOUN	VN	4	سلم
935	ابْتَلَى	8	VERB		8	بلو
936	اخْتَصَمُ	8	VERB		8	خصم
937	ارْتَدَّ	8	VERB		8	ردد
938	ازْدادُ	8	VERB		8	زيد
939	اسْتَضْعَفُ	8	VERB		10	ضعف
940	اشْتَهَتْ	8	VERB		8	شهو
941	بارَكَ	8	VERB		3	برك
942	بِرّ	8	NOUN			برر
943	بُرْهان	8	NOUN			برهن
944	تَزَكَّى	8	VERB		5	زكو
945	تَعالَ	8	VERB		4	علو
946	تَفَرَّقَ	8	VERB		5	فرق
947	ثَلاث	8	NOUN			ثلث
948	ثِياب	8	NOUN			ثوب
949	جَدِيد	8	NOUN	ADJ		جدد
950	جَنب	8	NOUN			جنب
951	خَزائِن	8	NOUN			خزن
952	خَسَفَ	8	VERB		1	خسف
953	خَشْيَة	8	NOUN			خشي
954	خَفَّفَ	8	VERB		2	خفف
955	خِلال	8	NOUN			خلل
956	دَمَّرَ	8	VERB		2	دمر
957	ذَهَب	8	NOUN			ذهب
958	راكِع	8	NOUN	ACT_PCPL	1	ركع
959	راوَدُ	8	VERB		3	رود
960	زالَت	8	VERB		1	زيل
961	سَمَّى	8	VERB		2	سمو
962	شِمال	8	NOUN			شمل
963	صاعِقَة	8	NOUN			صعق
964	صُحُف	8	NOUN			صحف
965	صَوْت	8	NOUN			صوت
966	ضَعِيف	8	NOUN	ADJ		ضعف
967	طاغُوت	8	NOUN			طغي
968	طافَ	8	VERB		1	طوف
969	ظاهِر	8	NOUN	ACT_PCPL	1	ظهر
970	عَجِبُ	8	VERB		1	عجب
971	عُدْوان	8	NOUN			عدو
972	عَقِب	8	NOUN			عقب
973	فَرْج	8	NOUN			فرج
974	قانِت	8	NOUN	ACT_PCPL	1	قنت
975	قَدَم	8	NOUN			قدم
976	قَرِين	8	NOUN			قرن
977	كَبُرَ	8	VERB		1	كبر
978	كَفَّ	8	VERB		1	كفف
979	كِيدُ	8	VERB		1	كيد
980	لَعِب	8	NOUN			لعب
981	لَيْلَة	8	NOUN			ليل
982	مُبارَك	8	NOUN	PASS_PCPL	3	برك
983	مُتَّكِئ	8	NOUN	ACT_PCPL	8	وكأ
984	مِثْقال	8	NOUN			ثقل
985	مُحْصَنَة	8	NOUN	PASS_PCPL	4	حصن
986	مُدْبِر	8	NOUN	ACT_PCPL	4	دبر
987	مُشْفِق	8	NOUN	ACT_PCPL	4	شفق
988	مُقَرَّب	8	NOUN	PASS_PCPL	2	قرب
989	مَنافِع	8	NOUN			نفع
990	مَوَدَّة	8	NOUN			ودد
991	مِيقات	8	NOUN			وقت
992	نُزُل	8	NOUN			نزل
993	نَفَرَ	8	VERB		1	نفر
994	هَمَّ	8	VERB		1	همم
995	هَوَى	8	VERB		1	هوي
996	وَصِيَّة	8	NOUN			وصي
997	يَئِسَ	8	VERB		1	يأس
998	يَطْمَعُ	8	VERB		1	طمع
999	يَقِين	8	NOUN	ADJ		يقن
1000	يَمّ	8	NOUN			يمم
1001	يَنتَظِرُ	8	VERB		8	نظر
1002	يَهْبِطُ	8	VERB		1	هبط
1003	أَبْقَى	7	NOUN			بقي
1004	أَبَوان	7	NOUN			أبو
1005	أَثِيم	7	NOUN	ADJ		أثم
1006	أَرْبَع	7	NOUN			ربع
1007	أَشْهَدَ	7	VERB		4	شهد
1008	أَصِيل	7	NOUN			أصل
1009	أَفاضَ	7	VERB		4	فيض
1010	أُكُل	7	NOUN			أكل
1011	أُمْطِرَتْ	7	VERB		4	مطر
1012	أَنسَى	7	VERB		4	نسي
1013	أَهْدَى	7	NOUN			هدي
1014	إِخْوَة	7	NOUN			أخو
1015	إِصْلاح	7	NOUN	VN	4	صلح
1016	اثْنَتَيْن	7	NOUN			ثني
1017	اخْتِلاف	7	NOUN	VN	8	خلف
1018	اضْطُرَّ	7	VERB		8	ضرر
1019	اعْتَزَلَ	7	VERB		8	عزل
1020	افْتَدَى	7	VERB		8	فدي
1021	الْتَقَى	7	VERB		8	لقي
1022	انتَصَرَ	7	VERB		8	نصر
1023	بَصِيرَة	7	NOUN			بصر
1024	بُعْد	7	NOUN			بعد
1025	بَعْل	7	NOUN	PN		بعل
1026	بُكْرَة	7	NOUN			بكر
1027	بُنْيان	7	NOUN			بني
1028	بَيْع	7	NOUN			بيع
1029	تَبْدِيل	7	NOUN	VN	2	بدل
1030	تَنازَعُ	7	VERB		6	نزع
1031	تَنَزَّلَتْ	7	VERB		5	نزل
1032	تَوْبَة	7	NOUN			توب
1033	جانّ	7	NOUN	ACT_PCPL	1	جنن
1034	جَمِيل	7	NOUN	ADJ		جمل
1035	جَناح	7	NOUN			جنح
1036	جَهْر	7	NOUN			جهر
1037	حَبّ	7	NOUN			حبب
1038	حَبْل	7	NOUN			حبل
1039	حِجاب	7	NOUN			حجب
1040	حُجَّة	7	NOUN			حجج
1041	حَسْرَة	7	NOUN			حسر
1042	حَضَرَ	7	VERB		1	حضر
1043	حَظّ	7	NOUN			حظظ
1044	حَفِظَ	7	VERB		1	حفظ
1045	حَمْل	7	NOUN			حمل
1046	حَىَّ	7	VERB		1	حيي
1047	دامُ	7	VERB		1	دوم
1048	دَلَّ	7	VERB		1	دلل
1049	ذِلَّة	7	NOUN			ذلل
1050	رُءْيا	7	NOUN			رأي
1051	رِبا	7	NOUN			ربو
1052	زُبُر	7	NOUN			زبر
1053	زَكَرِيّا	7	NOUN	PN		
1054	سائِل	7	NOUN	ACT_PCPL	1	سأل
1055	سابِق	7	NOUN	ACT_PCPL	1	سبق
1056	سِتَّة	7	NOUN			ستت
1057	سَفَر	7	NOUN			سفر
1058	سَفِيه	7	NOUN			سفه
1059	سَنَة	7	NOUN			سنو
1060	سَوْءَة	7	NOUN			سوأ
1061	سِيقَ	7	VERB		1	سوق
1062	شاقُّ	7	VERB		3	شقق
1063	شَجَر	7	NOUN			شجر
1064	شِقاق	7	NOUN	VN	3	شقق
1065	صَفّ	7	NOUN	VN	1	صفف
1066	ضاقَ	7	VERB		1	ضيق
1067	ضَحِكَتْ	7	VERB		1	ضحك
1068	طَلَعَ	7	VERB		8	طلع
1069	عاكِف	7	NOUN	ACT_PCPL	1	عكف
1070	عَدَّ	7	VERB		1	عدد
1071	عَشْر	7	NOUN	ADJ		عشر
1072	عُمُر	7	NOUN			عمر
1073	عَمِيَ	7	VERB		1	عمي
1074	غابِر	7	NOUN	ACT_PCPL	1	غبر
1075	فَحْشاء	7	NOUN			فحش
1076	فُرْقان	7	NOUN			فرق
1077	قاعِد	7	NOUN	ACT_PCPL	1	قعد
1078	قِبْلَة	7	NOUN			قبل
1079	قَدْر	7	NOUN			قدر
1080	كَأَيِّن	7	NOUN			
1081	كارِه	7	NOUN	ACT_PCPL	1	كره
1082	كُبْرَى	7	NOUN	ADJ		كبر
1083	كَبِيرَة	7	NOUN			كبر
1084	لَطِيف	7	NOUN	ADJ		لطف
1085	مُتَكَبِّر	7	NOUN	ACT_PCPL	5	كبر
1086	مُرِيب	7	NOUN	ACT_PCPL	4	ريب
1087	مَطَر	7	NOUN			مطر
1088	مَفْعُول	7	NOUN	PASS_PCPL	1	فعل
1089	مُنِيب	7	NOUN	ACT_PCPL	4	نوب
1090	مُهاجِر	7	NOUN	ACT_PCPL	3	هجر
1091	مِهاد	7	NOUN			مهد
1092	ناقَة	7	NOUN			نوق
1093	نَخِيل	7	NOUN			نخل
1094	نِصْف	7	NOUN			نصف
1095	هاد	7	NOUN	ACT_PCPL	1	هدي
1096	هَدْي	7	NOUN			هدي
1097	واد	7	NOUN			ودي
1098	وارِث	7	NOUN	ACT_PCPL	1	ورث
1099	وَلِيد	7	NOUN			ولد
1100	يَزِرُ	7	VERB		1	وزر
1101	يَسْتَبْشِرُ	7	VERB		10	بشر
1102	يُسْر	7	NOUN			يسر
1103	يَعْمَهُ	7	VERB		1	عمه
1104	يُكَلِّفُ	7	VERB		2	كلف
1105	يُنقَصُ	7	VERB		1	نقص
1106	أَبْكَم	6	NOUN			بكم
1107	أَخْذ	6	NOUN	VN	1	أخذ
1108	أَدْرَكَ	6	VERB		4	درك
1109	أَسْرَفَ	6	VERB		4	سرف
1110	أَسْرَى	6	VERB		4	سري
1111	أَسْفَل	6	NOUN	ADJ		سفل
1112	أَقْرَضُ	6	VERB		4	قرض
1113	أُمْنِيَّت	6	NOUN			مني
1114	أُمِّيّ	6	NOUN	ADJ		أمم
1115	أُنثَيَيْن	6	NOUN			أنث
1116	أَنداد	6	NOUN			ندد
1117	أَوّاب	6	NOUN	ADJ		أوب
1118	أَيّان	6	NOUN	INTG		
1119	إِخْراج	6	NOUN	VN	4	خرج
1120	اسْتَمْتَعَ	6	VERB		10	متع
1121	انتَقَمْ	6	VERB		8	نقم
1122	باءَ	6	VERB		1	بوأ
1123	بالِغ	6	NOUN	ACT_PCPL	1	بلغ
1124	بايَعْ	6	VERB		3	بيع
1125	بَقَرَة	6	NOUN			بقر
1126	بَلاء	6	NOUN			بلو
1127	بَلَّغْ	6	VERB		2	بلغ
1128	بُهْتان	6	NOUN			بهت
1129	بَوَّأَ	6	VERB		2	بوأ
1130	تَحِيَّة	6	NOUN	VN	2	حيي
1131	تَصَدَّقَ	6	VERB		5	صدق
1132	ثُقِفُ	6	VERB		1	ثقف
1133	ثَقَل	6	NOUN			ثقل
1134	ثُلُث	6	NOUN			ثلث
1135	جاعِل	6	NOUN	ACT_PCPL	1	جعل
1136	حَدِيد	6	NOUN			حدد
1137	حَلال	6	NOUN			حلل
1138	حُلُم	6	NOUN			حلم
1139	خَبِيثَة	6	NOUN			خبث
1140	خِلاف	6	NOUN			خلف
1141	خَلاق	6	NOUN			خلق
1142	خُلْد	6	NOUN			خلد
1143	خَمْر	6	NOUN			خمر
1144	خِيفَة	6	NOUN			خوف
1145	دَعْوَة	6	NOUN			دعو
1146	ذَرَأَ	6	VERB		1	ذرأ
1147	ذَرَّة	6	NOUN			ذرر
1148	راحِم	6	NOUN	ACT_PCPL	1	رحم
1149	رازِق	6	NOUN	ACT_PCPL	1	رزق
1150	رَجِيم	6	NOUN	ADJ		رجم
1151	رُشْد	6	NOUN			رشد
1152	زاغَ	6	VERB		1	زيغ
1153	سَبْت	6	NOUN			سبت
1154	سِجْن	6	NOUN			سجن
1155	سُجُود	6	NOUN	ADJ		سجد
1156	سُرُر	6	NOUN			سرر
1157	سَعَة	6	NOUN			وسع
1158	سَكِينَة	6	NOUN			سكن
1159	سَلَّمَ	6	VERB		2	سلم
1160	سِيما	6	NOUN			سوم
1161	شَدَدْ	6	VERB		1	شدد
1162	ضُحًى	6	NOUN			ضحو
1163	طاغي	6	NOUN	ACT_PCPL	1	طغي
1164	طَرْف	6	NOUN			طرف
1165	ظاهَرُ	6	VERB		3	ظهر
1166	ظُلَّة	6	NOUN			ظلل
1167	ظَهِير	6	NOUN	ADJ		ظهر
1168	عاقَبَ	6	VERB		3	عقب
1169	عِبْرَة	6	NOUN			عبر
1170	عَداوَة	6	NOUN			عدو
1171	عَدَد	6	NOUN	ADJ		عدد
1172	عَرَض	6	NOUN			عرض
1173	عُقْبَى	6	NOUN			عقب
1174	عَلا	6	VERB		1	علو
1175	عَهِدَ	6	VERB		1	عهد
1176	غاوي	6	NOUN	ACT_PCPL	1	غوي
1177	غَضِبَ	6	VERB		1	غضب
1178	غَمّ	6	NOUN			غمم
1179	غَيْظ	6	NOUN			غيظ
1180	فاطِر	6	NOUN	ACT_PCPL	1	فطر
1181	فَجْر	6	NOUN			فجر
1182	فُجِّرَتْ	6	VERB		2	فجر
1183	فَرَّتْ	6	VERB		1	فرر
1184	فَرِح	6	NOUN			فرح
1185	فَرِيضَة	6	NOUN			فرض
1186	فِضَّة	6	NOUN			فضض
1187	قائِل	6	NOUN	ACT_PCPL	1	قيل
1188	قَبْر	6	NOUN			قبر
1189	قَرْض	6	NOUN			قرض
1190	قَصَص	6	NOUN			قصص
1191	قَلَّبُ	6	VERB		2	قلب
1192	قَمِيص	6	NOUN			قمص
1193	قَهّار	6	NOUN	ADJ		قهر
1194	كَأْس	6	NOUN			كأس
1195	كاتِب	6	NOUN	ACT_PCPL	1	كتب
1196	كِبَر	6	NOUN			كبر
1197	كَرَّة	6	NOUN			كرر
1198	كَنز	6	NOUN			كنز
1199	كَهْف	6	NOUN			كهف
1200	لُؤْلُؤ	6	NOUN			لؤلؤ
1201	لَقَّى	6	VERB		2	لقي
1202	مُبَيِّنَة	6	NOUN	ADJ	2	بين
1203	مُتَشابِه	6	NOUN	ACT_PCPL	6	شبه
1204	مُدَّكِر	6	NOUN	ACT_PCPL	8	ذكر
1205	مَرَدّ	6	NOUN			ردد
1206	مُسْتَكْبِر	6	NOUN	ACT_PCPL	10	كبر
1207	مُعْتَدي	6	NOUN			عدو
1208	مَعْدُودَة	6	NOUN	PASS_PCPL	1	عدد
1209	مَقْت	6	NOUN			مقت
1210	مُلِئَتْ	6	VERB		1	ملأ
1211	مَنّ	6	NOUN			منن
1212	مُنتَظِر	6	NOUN	ACT_PCPL	8	نظر
1213	مُنظَر	6	NOUN	PASS_PCPL	4	نظر
1214	مُنِير	6	NOUN	ACT_PCPL	4	نور
1215	مَوْج	6	NOUN			موج
1216	مَيْتَة	6	NOUN	ADJ		موت
1217	مِيعاد	6	NOUN			وعد
1218	ناصِح	6	NOUN	ACT_PCPL	1	نصح
1219	نَزَلَ	6	VERB		1	نزل
1220	نَقَضَتْ	6	VERB		1	نقض
1221	نَكَثَ	6	VERB		1	نكث
1222	هامان	6	NOUN	PN		
1223	واقِع	6	NOUN	ACT_PCPL	1	وقع
1224	وَحْد	6	NOUN			وحد
1225	وَحْى	6	NOUN			وحي
1226	وَسِعَ	6	VERB		1	وسع
1227	وَعِيد	6	NOUN			وعد
1228	وَقْر	6	NOUN			وقر
1229	يَتَمَنَّ	6	VERB		5	مني
1230	يُجِيرُ	6	VERB		4	جور
1231	يَخْفَى	6	VERB		1	خفي
1232	يَسْتَأْخِرُ	6	VERB		10	أخر
1233	يَسْتَفْتُ	6	VERB		10	فتي
1234	يَصْفَحُ	6	VERB		1	صفح
1235	يَنۢبَغِي	6	VERB		7	بغي
1236	آثَرَ	5	VERB		4	أثر
1237	آنَسَ	5	VERB		4	أنس
1238	أَبْلَغُ	5	VERB		4	بلغ
1239	أَثارُ	5	VERB		4	ثور
1240	أَجْرَمُ	5	VERB		4	جرم
1241	أَحْصَنَتْ	5	VERB		4	حصن
1242	أَرائِك	5	NOUN			أرك
1243	أَرْضَعَتْ	5	VERB		4	رضع
1244	أَساءَ	5	VERB		4	سوأ
1245	أَساوِر	5	NOUN			سور
1246	أَسْباط	5	NOUN			سبط
1247	أَسْكَن	5	VERB		4	سكن
1248	أَصْنام	5	NOUN			صنم
1249	أُكْرِهَ	5	VERB		4	كره
1250	أَلَّفَ	5	VERB		2	ألف
1251	أَمْن	5	NOUN			أمن
1252	أَوْصا	5	VERB		4	وصي
1253	أَوْقَدُ	5	VERB		4	وقد
1254	أَوَى	5	VERB		1	أوي
1255	اسْتَبَقَ	5	VERB		8	سبق
1256	اسْتَخْلَفَ	5	VERB		10	خلف
1257	اعْتَصَمُ	5	VERB		8	عصم
1258	اقْتَرَبَ	5	VERB		8	قرب
1259	اكْتَسَبَ	5	VERB		8	كسب
1260	اللَّهُمَّ	5	NOUN	PN		أله
1261	امْرِئ	5	NOUN			مرأ
1262	انشَقَّ	5	VERB		7	شقق
1263	اهْجُرْ	5	VERB		1	هجر
1264	بَثَّ	5	VERB		1	بثث
1265	بَرَزَ	5	VERB		1	برز
1266	بَرْق	5	NOUN			برق
1267	بِضاعَة	5	NOUN			بضع
1268	بَطَشْ	5	VERB		1	بطش
1269	بَغْضاء	5	NOUN			بغض
1270	بَكَتْ	5	VERB		1	بكي
1271	بَلْدَة	5	NOUN			بلد
1272	تَبَرَّأَ	5	VERB		5	برأ
1273	تَحْرِير	5	NOUN	VN	2	حرر
1274	تِسْع	5	NOUN			تسع
1275	تَطَهَّرْ	5	VERB		5	طهر
1276	تَعْثَ	5	VERB		1	عثو
1277	تَفْصِيل	5	NOUN	VN	2	فصل
1278	تَقْدِير	5	NOUN	VN	2	قدر
1279	تَقَرَّ	5	VERB		1	قرر
1280	تَقَطَّعَ	5	VERB		5	قطع
1281	تَقَلُّب	5	NOUN	VN	5	قلب
1282	تَواصَ	5	VERB		6	وصي
1283	ثَقِيل	5	NOUN	ADJ		ثقل
1284	ثَمَر	5	NOUN			ثمر
1285	جاثِم	5	NOUN	ACT_PCPL	1	جثم
1286	جَرَم	5	NOUN			جرم
1287	جَهْد	5	NOUN	VN	1	جهد
1288	جَهَرَ	5	VERB		1	جهر
1289	جَواب	5	NOUN			جوب
1290	حاكِم	5	NOUN	ACT_PCPL	1	حكم
1291	حَبَّة	5	NOUN			حبب
1292	حِجْر	5	NOUN	ADJ		حجر
1293	حَرِيق	5	NOUN			حرق
1294	حِلّ	5	NOUN			حلل
1295	حِمار	5	NOUN			حمر
1296	حُمِّلَ	5	VERB		2	حمل
1297	حَوارِيّ	5	NOUN			حور
1298	حُوت	5	NOUN			حوت
1299	خاطِئ	5	NOUN	ACT_PCPL	1	خطأ
1300	خالِصَة	5	NOUN	ACT_PCPL	1	خلص